Million tonnes of carbon dioxide,1965,1966,1967,1968,1969,1970,1971,1972,1973,1974,1975,1976,1977,1978,1979,1980,1981,1982,1983,1984,1985,1986,1987,1988,1989,1990,1991,1992,1993,1994,1995,1996,1997,1998,1999,2000,2001,2002,2003,2004,2005,2006,2007,2008,2009,2010,2011,2012,2013,2014,2015,2016,2017,2018,2019,2020,2021,2022,2023,2024
,,,,,,,,,,,,,,,,,,,,,,,,,,,,,,,,,,,,,,,,,,,,,,,,,,,,,,,,,,,,
Canada,260.3,271.7,285.5,308.3,320.5,344.9,351.6,368.0,393.7,400.2,398.1,412.9,436.4,424.6,430.7,440.6,420.7,407.0,388.0,408.4,403.5,393.4,406.7,437.4,457.4,444.8,428.0,441.9,438.4,453.2,471.5,480.6,494.0,508.3,513.2,533.1,535.8,548.7,557.8,555.3,555.5,520.2,574.7,558.7,530.3,544.0,547.2,540.9,557.4,562.3,555.9,540.2,554.1,567.9,560.3,500.5,509.1,522.6,521.6,522.5
Mexico,62.1,65.1,66.6,72.2,79.1,84.2,89.5,99.7,107.7,120.9,131.1,138.9,146.5,165.1,180.2,198.1,211.0,221.3,217.8,226.5,233.9,230.4,239.9,241.0,253.9,280.8,287.3,290.9,293.6,318.0,304.1,313.6,330.5,346.8,344.5,371.0,371.0,389.3,392.5,413.8,455.8,459.2,465.1,475.8,471.8,466.8,489.7,499.4,496.7,482.8,480.9,495.7,510.6,492.9,484.5,419.2,447.1,474.0,476.3,477.9
US,3451.9,3639.8,3738.2,3947.3,4117.4,4271.5,4309.1,4525.8,4739.5,4567.6,4386.8,4647.6,4791.3,4833.7,4921.1,4742.4,4596.2,4371.1,4332.1,4558.8,4576.0,4598.1,4749.6,4969.1,5057.7,4971.2,4923.6,5006.0,5119.3,5196.4,5228.6,5408.7,5484.1,5524.4,5574.1,5740.9,5652.2,5672.2,5738.5,5839.3,5873.9,5795.7,5885.0,5701.3,5290.6,5486.2,5337.5,5089.5,5246.9,5252.5,5137.8,5039.3,4980.0,5134.6,4982.8,4468.4,4755.3,4801.9,4642.7,4619.1
Total North America,3774.4,3976.5,4090.4,4327.8,4517.0,4700.6,4750.1,4993.5,5240.9,5088.6,4916.0,5199.3,5374.3,5423.4,5532.1,5381.1,5227.8,4999.4,4937.9,5193.8,5213.4,5221.8,5396.3,5647.4,5769.0,5696.8,5638.9,5738.8,5851.4,5967.6,6004.2,6203.0,6308.6,6379.5,6431.9,6645.0,6559.1,6610.2,6688.8,6808.4,6885.2,6775.1,6924.8,6735.8,6292.7,6497.0,6374.3,6129.8,6301.0,6297.5,6174.7,6075.2,6044.7,6195.3,6027.6,5388.0,5711.5,5798.5,5640.7,5619.6
,,,,,,,,,,,,,,,,,,,,,,,,,,,,,,,,,,,,,,,,,,,,,,,,,,,,,,,,,,,,
Argentina,82.2,84.5,86.9,89.3,92.2,85.9,90.8,91.6,94.9,97.1,93.1,97.8,102.1,99.5,106.1,101.7,97.2,97.2,100.1,97.8,94.6,100.0,104.6,109.9,107.2,100.3,102.8,108.9,107.7,114.0,118.9,126.3,125.0,132.0,136.5,131.4,120.7,116.0,125.4,137.1,145.3,151.2,164.3,165.8,158.0,166.9,173.1,181.8,191.1,190.7,194.7,193.8,190.2,186.5,173.4,159.2,179.8,189.8,184.2,177.1
Brazil,51.5,56.2,58.0,68.1,74.3,88.4,96.0,108.0,129.1,140.0,145.4,156.2,163.4,177.0,184.4,186.3,176.4,179.2,170.8,178.3,184.3,198.0,203.7,210.6,212.6,205.6,215.1,215.4,226.1,235.6,253.1,272.5,287.4,300.6,304.7,320.6,328.6,326.7,321.0,337.7,341.5,348.3,368.4,392.4,370.6,413.5,434.2,463.1,494.8,515.5,500.7,461.8,466.7,447.5,447.4,417.7,466.8,443.4,448.1,446.7
Chile,16.5,17.8,18.1,18.6,19.7,20.8,22.2,21.8,21.2,20.6,18.0,18.6,19.5,20.2,21.5,22.1,21.9,19.2,19.6,20.7,20.2,20.6,21.3,25.3,30.8,31.7,32.7,33.4,35.6,38.8,42.3,47.6,54.9,56.4,58.3,55.5,53.8,54.3,55.3,62.7,63.8,64.3,74.6,76.2,71.5,74.6,82.8,85.5,88.9,87.2,87.4,92.2,93.9,93.5,94.8,85.1,93.8,93.6,84.1,82.1
Colombia,23.8,26.7,27.9,28.4,28.4,31.2,29.9,34.6,32.4,36.5,34.0,35.2,36.3,36.7,37.4,38.1,38.8,39.6,42.2,41.6,42.5,42.9,47.7,45.7,47.8,42.2,44.1,51.8,53.6,56.5,57.7,57.4,61.8,63.1,55.2,55.1,55.3,53.4,53.6,56.2,53.1,66.6,66.5,70.5,71.3,77.1,75.2,83.5,89.1,94.9,93.3,103.4,96.7,100.4,102.9,91.6,95.9,110.1,109.6,112.4
Ecuador,2.1,2.2,2.3,2.8,2.9,3.5,3.8,3.8,4.3,4.8,4.8,5.6,6.8,6.9,7.3,9.2,10.0,10.9,10.1,10.6,12.8,13.0,13.1,15.6,15.8,16.6,18.7,18.8,18.8,20.2,19.9,22.5,25.7,25.7,22.4,20.3,20.9,20.3,20.7,23.1,25.2,26.7,27.0,27.6,27.9,32.2,32.8,34.2,36.5,38.4,37.6,35.4,34.4,37.2,35.7,29.2,36.2,39.6,41.7,43.1
Peru,12.1,15.0,15.1,15.2,15.2,16.0,16.0,13.8,15.9,18.6,19.6,19.8,19.9,19.7,20.4,22.0,22.5,22.5,19.1,19.9,19.0,20.4,22.5,22.1,19.8,19.5,18.6,19.2,19.9,21.6,24.1,25.2,24.5,25.1,25.5,25.7,24.1,24.8,24.1,27.3,28.2,26.9,30.5,33.9,33.7,39.0,43.8,44.8,46.0,46.8,49.2,53.2,51.0,52.8,54.4,45.3,54.0,57.6,59.1,63.0
Trinidad & Tobago,7.7,8.0,8.5,8.7,9.0,9.7,9.9,14.3,14.2,13.3,10.2,11.7,11.7,11.0,9.1,8.6,9.6,9.9,9.0,8.1,8.4,9.1,8.0,8.3,8.0,9.6,9.1,10.6,10.7,10.2,11.3,11.8,10.8,10.3,12.4,12.6,13.6,15.5,17.8,18.8,20.0,23.0,23.6,23.8,22.2,24.6,24.9,24.2,25.1,24.7,23.8,21.5,20.7,19.6,19.0,16.4,15.5,16.3,15.7,15.4
Venezuela,43.7,44.0,46.0,49.0,49.1,49.4,49.5,52.3,59.7,60.8,62.7,66.2,73.9,75.2,83.2,95.4,99.2,99.8,98.4,98.5,100.0,105.8,101.2,103.6,106.4,112.2,106.2,117.5,114.7,124.9,128.2,119.4,127.2,126.5,122.0,129.9,143.0,144.7,126.0,138.1,140.4,156.1,164.4,169.7,173.9,170.3,178.0,188.5,186.1,181.7,172.1,159.2,149.9,123.8,111.3,77.7,93.6,103.6,115.0,113.4
Central America,10.4,10.7,11.2,11.5,12.0,12.4,12.9,13.7,15.1,16.0,17.9,18.7,19.9,20.1,20.4,19.1,18.5,18.4,18.1,18.4,18.8,18.7,20.1,19.5,20.3,21.1,23.1,26.3,28.1,30.8,34.0,33.4,36.0,41.4,40.7,42.2,45.4,46.2,48.1,49.6,49.0,51.9,54.2,55.3,53.9,55.1,57.0,58.6,60.2,61.8,68.7,71.6,72.1,72.9,81.0,63.8,72.2,74.9,80.8,82.4
Other Caribbean,48.7,50.2,52.2,53.3,56.4,70.2,71.4,76.5,84.5,83.7,81.0,82.3,86.7,88.3,91.0,91.8,93.5,82.9,80.9,85.3,79.3,81.0,84.7,84.8,89.2,88.8,84.5,82.9,84.2,88.9,86.9,88.2,93.7,96.9,90.3,111.8,123.5,122.3,126.3,128.0,129.4,133.2,130.3,119.4,113.9,113.8,113.7,110.1,105.4,107.0,111.4,114.3,111.1,113.7,113.0,102.5,103.5,104.6,105.6,110.6
Other South America,9.9,9.8,10.1,10.2,11.0,11.3,11.6,12.3,12.6,12.2,13.5,14.0,14.4,16.1,16.7,16.0,16.0,14.8,13.2,12.9,12.8,12.7,13.0,14.3,14.8,14.1,15.3,16.3,17.1,17.9,20.6,21.4,21.2,21.7,23.8,21.3,20.2,20.3,21.2,22.7,23.4,24.2,26.5,29.9,30.7,30.8,33.6,34.1,34.8,35.4,35.7,37.4,38.4,39.4,40.1,36.1,41.5,42.5,43.8,48.3
Total S. & Cent. America,308.6,325.0,336.2,355.2,370.2,398.7,413.9,442.7,483.9,503.8,500.4,526.2,554.6,570.7,597.5,610.1,603.7,594.5,581.5,592.0,592.7,622.2,639.8,659.8,672.8,661.7,670.2,701.1,716.6,759.4,797.0,825.7,868.1,899.5,891.9,926.3,949.3,944.5,939.5,1001.2,1019.3,1072.3,1130.2,1164.4,1127.6,1197.9,1249.0,1308.4,1358.1,1384.3,1374.5,1343.8,1325.1,1287.4,1273.1,1124.6,1252.9,1276.0,1287.6,1294.5
,,,,,,,,,,,,,,,,,,,,,,,,,,,,,,,,,,,,,,,,,,,,,,,,,,,,,,,,,,,,
Austria,39.5,39.8,40.1,43.0,46.1,51.2,53.8,54.9,58.3,55.6,53.6,58.4,54.1,56.9,59.4,58.2,54.8,52.2,51.7,53.5,54.6,54.1,55.1,53.6,53.8,58.3,62.6,57.4,58.1,58.3,61.6,65.4,64.8,66.0,64.0,64.5,68.4,69.3,74.2,74.5,75.9,73.3,70.4,70.3,63.5,68.4,65.5,62.5,62.8,59.0,61.6,62.1,64.5,62.3,63.8,56.2,59.2,56.3,53.9,52.6
Belgium,124.7,118.5,123.4,135.1,144.4,149.0,142.1,149.3,147.1,141.4,126.0,132.0,131.6,136.8,142.2,136.1,129.4,121.9,109.3,113.2,114.2,113.7,115.2,117.2,119.8,126.5,130.7,128.1,126.1,129.6,128.9,137.2,135.9,139.9,133.3,136.3,136.3,134.2,141.2,140.1,136.2,138.2,137.7,139.1,124.6,133.5,120.6,116.3,117.3,109.0,115.2,116.9,118.8,125.5,121.8,105.3,113.9,109.9,103.9,104.5
Bulgaria,36.7,39.2,45.2,51.0,55.7,62.4,64.6,66.6,68.6,69.9,75.1,75.9,78.4,82.1,84.9,89.1,85.5,87.0,86.0,85.0,84.9,87.9,87.8,86.6,86.8,74.4,59.9,58.3,60.4,56.9,58.9,56.9,56.2,53.9,46.1,43.4,46.4,44.6,48.4,46.5,48.3,49.2,52.5,50.1,43.4,45.5,50.5,45.8,40.7,43.2,45.9,43.1,45.9,42.7,41.5,36.1,42.0,46.3,34.9,31.7
Croatia,-,-,-,-,-,-,-,-,-,-,-,-,-,-,-,-,-,-,-,-,-,-,-,-,-,21.3,14.8,14.5,15.2,14.5,15.1,15.5,16.6,18.0,18.6,17.5,18.4,19.5,20.9,20.1,20.6,20.7,21.9,20.9,19.6,18.8,18.2,16.6,16.1,15.8,16.2,16.7,17.1,16.3,16.3,14.9,15.7,16.4,17.2,17.3
Cyprus,1.2,1.3,1.5,1.6,1.9,2.0,2.4,2.7,2.9,2.4,2.1,2.1,2.5,2.6,2.7,2.7,2.5,3.1,3.2,3.2,3.6,3.7,4.6,4.7,4.7,5.0,5.1,6.0,6.3,6.3,6.7,6.8,6.9,7.2,7.6,8.0,8.1,7.9,8.5,8.3,9.3,9.1,9.3,9.5,9.2,8.8,8.7,8.1,7.3,7.3,7.5,8.1,8.3,8.2,8.2,7.0,7.2,7.7,7.6,7.8
Czech Republic,156.2,157.0,153.8,160.4,167.2,172.5,181.0,180.7,180.6,181.4,188.1,193.7,199.2,201.5,202.6,195.2,194.3,191.8,191.5,195.8,193.9,192.0,190.6,190.9,184.9,155.3,143.2,136.6,134.1,128.6,130.2,132.9,127.2,121.6,113.9,124.1,125.1,120.8,124.0,124.8,123.4,126.0,125.6,120.3,113.5,116.5,113.1,109.3,105.0,102.0,102.8,104.8,104.8,103.8,98.2,88.4,92.9,90.2,79.2,71.5
Denmark,47.7,54.3,54.0,56.1,63.9,67.5,63.2,66.6,65.0,59.2,56.4,62.5,63.9,65.7,66.2,66.2,58.9,57.4,54.4,55.3,62.7,63.6,61.0,59.7,54.0,55.8,65.5,60.0,63.4,68.2,65.4,79.1,69.2,64.9,61.5,57.5,57.7,56.8,62.0,56.0,53.3,61.3,56.8,54.2,50.5,52.2,46.6,41.3,43.0,39.2,36.7,38.0,35.5,35.8,37.8,31.3,29.4,29.2,28.6,28.2
Estonia,-,-,-,-,-,-,-,-,-,-,-,-,-,-,-,-,-,-,-,-,38.4,38.5,38.9,38.0,39.2,41.1,37.5,27.2,22.7,22.7,20.6,21.7,21.4,18.9,17.3,17.9,18.5,18.5,20.4,20.5,20.4,19.9,23.7,21.5,18.6,23.4,23.4,22.8,24.5,23.5,21.4,22.2,24.5,24.1,18.3,15.7,16.8,17.9,15.6,14.6
Finland,24.7,28.1,28.9,33.2,38.9,43.2,43.3,44.8,50.5,46.0,47.0,53.3,52.5,55.5,57.4,57.5,48.5,47.0,45.5,48.3,53.4,53.2,56.0,55.3,55.7,57.5,56.7,54.6,56.3,62.9,58.6,64.8,62.8,60.2,59.9,58.8,63.8,66.6,74.9,68.8,58.2,68.5,66.3,58.6,56.2,63.9,57.1,51.0,52.0,47.7,44.9,47.7,45.1,46.5,43.4,36.8,36.3,35.7,31.4,29.4
France,342.2,343.0,367.8,380.2,415.1,443.4,460.6,482.5,524.2,505.4,464.2,513.4,502.0,500.9,512.6,491.9,444.7,422.0,404.4,390.2,384.9,371.9,367.8,364.6,375.7,366.7,394.0,382.8,363.9,352.2,363.0,379.6,366.9,391.3,387.5,384.8,382.7,382.1,389.7,391.9,390.5,380.7,371.6,370.9,354.7,361.4,338.2,339.1,339.5,304.4,308.9,314.2,319.1,309.1,301.7,254.9,281.1,276.9,258.1,254.2
Germany,910.4,901.0,892.4,944.8,1011.9,1043.4,1045.1,1067.3,1116.4,1085.3,1025.3,1093.4,1072.5,1052.7,1104.2,1077.8,1043.9,1003.3,1018.0,1038.3,1045.8,1037.3,1031.4,1017.0,1003.8,1007.6,969.7,923.7,916.3,896.9,889.4,914.8,888.0,879.0,855.9,854.4,871.7,859.0,862.0,847.5,826.3,843.8,811.1,809.4,753.6,783.2,763.7,773.0,797.6,751.1,755.6,767.4,774.4,746.2,693.9,617.5,654.4,648.4,576.7,569.7
Greece,22.5,23.7,26.0,27.2,27.8,29.8,37.2,41.9,48.9,48.2,56.2,63.1,67.1,65.2,54.1,52.9,52.6,52.6,54.8,56.9,60.2,60.1,67.1,71.7,78.5,81.5,81.5,84.2,85.4,86.7,88.7,89.9,93.3,98.8,97.3,102.6,104.7,103.7,107.5,107.4,107.8,108.3,112.8,108.6,103.4,95.3,95.4,89.1,79.9,76.1,73.8,70.7,75.0,73.6,69.6,56.3,59.6,63.5,59.9,61.6
Hungary,59.5,59.3,55.3,56.4,59.5,63.0,64.1,65.4,69.9,71.7,72.8,76.1,80.5,85.5,84.4,83.1,81.5,81.6,77.8,79.3,79.5,77.9,79.2,75.1,71.3,70.9,65.7,62.1,58.3,58.2,57.9,58.8,57.3,57.9,58.8,55.5,56.8,55.3,58.0,57.3,57.3,57.0,55.0,53.8,48.2,48.7,48.7,44.6,42.0,41.3,43.8,44.7,46.9,47.3,47.1,44.6,46.0,43.6,39.4,39.1
Iceland,1.5,1.6,1.5,1.7,1.5,1.5,1.7,1.8,2.0,1.9,1.8,1.8,1.9,2.0,2.0,1.9,1.9,1.7,1.7,1.9,1.9,1.9,2.0,2.1,2.2,2.2,2.1,2.2,2.3,2.3,2.4,2.6,2.6,2.6,2.6,2.8,2.7,2.8,2.8,2.9,2.9,2.9,3.1,2.8,2.6,2.5,2.5,2.5,2.6,2.6,2.9,2.8,3.1,3.3,2.8,1.8,2.1,2.6,2.8,2.9
Ireland,20.0,22.7,24.7,29.2,29.1,21.5,22.4,23.2,24.3,24.8,23.2,23.8,25.0,26.2,28.7,27.4,26.4,26.1,25.7,25.4,26.9,28.6,29.7,29.1,29.8,31.2,32.0,32.1,32.5,33.6,34.4,36.0,37.3,39.9,41.9,43.8,46.4,45.5,45.2,45.5,47.7,48.1,48.3,47.8,41.9,42.2,38.6,38.5,37.5,37.2,38.7,40.4,39.3,39.1,37.6,33.4,35.5,36.2,33.6,33.4
Italy,204.9,222.7,246.2,266.5,288.3,320.4,342.3,357.8,374.8,374.9,368.7,384.3,378.7,377.2,388.8,383.2,374.1,370.6,353.1,355.5,354.4,362.6,378.2,383.8,403.2,492.0,465.1,466.5,460.2,456.4,484.5,480.7,484.0,483.4,484.8,456.2,452.7,459.1,476.4,484.1,483.9,481.4,472.8,456.3,399.2,402.2,393.4,376.7,346.8,328.4,340.2,337.6,335.5,333.7,325.0,284.2,321.0,331.5,304.7,296.4
Latvia,-,-,-,-,-,-,-,-,-,-,-,-,-,-,-,-,-,-,-,-,25.2,23.3,20.3,19.4,18.8,18.4,17.6,12.8,10.8,9.9,9.1,9.2,8.3,8.0,7.4,6.9,7.7,7.9,7.9,8.5,8.7,8.4,8.8,8.6,7.9,9.2,8.3,8.0,8.0,7.7,7.9,8.2,8.0,7.8,8.4,7.1,7.5,6.6,6.4,6.2
Lithuania,-,-,-,-,-,-,-,-,-,-,-,-,-,-,-,-,-,-,-,-,37.4,33.6,36.0,35.4,36.2,34.2,36.5,20.9,16.7,15.7,14.6,15.1,14.5,15.2,12.8,11.0,11.7,11.6,11.7,12.2,13.2,13.3,13.3,13.5,12.2,13.3,12.5,12.5,11.7,11.0,11.3,11.8,12.0,12.6,12.4,12.1,12.4,12.0,11.9,11.8
Luxembourg,13.4,12.7,12.4,13.4,14.4,14.9,14.2,14.5,15.2,15.4,12.6,12.5,11.4,11.9,12.3,11.4,9.6,9.0,8.4,9.2,9.4,9.1,8.3,8.5,9.9,10.3,11.0,11.0,11.1,10.6,8.7,8.9,8.5,8.0,8.5,9.0,9.7,10.5,11.0,12.5,12.8,12.5,12.0,11.9,11.4,12.0,11.7,11.4,10.9,10.5,10.1,10.0,10.3,10.8,10.9,9.0,9.7,8.6,8.2,8.4
Netherlands,113.0,117.8,122.8,138.2,149.1,167.0,171.9,196.7,206.3,189.2,184.9,203.4,200.0,184.6,191.3,180.9,174.0,168.4,164.7,169.8,172.7,174.9,182.5,187.8,188.4,192.1,199.8,200.3,205.1,202.3,208.6,219.6,217.3,218.1,215.2,216.2,225.9,226.0,225.4,231.4,233.1,231.6,229.1,227.2,217.7,229.9,220.9,215.7,211.4,202.5,207.7,208.0,204.3,198.1,193.8,173.1,177.0,166.9,156.5,150.9
North Macedonia,-,-,-,-,-,-,-,-,-,-,-,-,-,-,-,-,-,-,-,-,-,-,-,-,-,8.8,8.5,8.7,9.1,8.5,8.4,9.6,8.6,9.9,9.1,8.7,8.8,8.3,9.0,8.7,9.2,9.2,9.6,9.5,8.8,8.6,9.6,9.1,8.1,7.7,7.4,7.5,7.8,7.5,8.3,7.0,7.1,7.9,7.8,7.1
Norway,17.7,19.4,20.0,21.9,24.0,26.7,26.5,27.9,28.0,26.2,26.9,29.6,29.5,31.3,32.6,30.1,28.5,27.3,27.3,27.3,28.7,31.1,30.2,29.8,30.2,30.0,28.8,29.4,30.4,32.2,32.8,35.7,36.9,37.6,37.7,35.6,35.8,35.8,37.2,37.5,36.9,37.0,37.3,36.0,35.4,37.9,37.5,37.2,37.3,37.2,37.8,36.8,37.0,37.2,35.9,33.5,34.5,34.6,33.4,31.7
Poland,253.0,257.2,263.5,281.6,299.0,312.8,321.9,339.4,342.7,352.1,380.1,400.6,417.4,437.5,443.8,465.9,419.3,428.6,429.6,447.3,457.7,469.4,485.6,474.8,456.6,373.5,368.4,353.1,352.2,334.3,341.3,355.0,350.5,330.9,323.8,299.8,297.9,294.4,303.5,301.9,306.8,319.2,314.9,316.7,302.8,320.8,320.5,305.1,307.5,290.3,290.1,303.2,316.0,320.7,302.5,284.3,310.3,294.0,268.1,257.1
Portugal,10.5,10.8,11.6,12.0,12.4,14.9,16.5,17.7,20.1,21.0,21.8,22.8,22.2,23.3,24.9,26.3,28.3,28.4,29.5,28.4,27.4,30.9,31.6,32.6,41.0,40.2,43.3,47.8,46.7,47.7,53.4,50.8,51.5,57.2,62.5,61.5,60.5,63.8,60.4,62.4,64.9,59.9,58.5,57.2,56.7,51.3,51.1,50.4,48.8,48.0,52.6,52.0,57.3,54.5,50.3,40.5,39.1,42.0,40.3,38.4
Romania,68.1,72.5,80.7,86.0,98.6,105.0,110.1,114.6,125.8,126.0,136.8,148.0,156.2,169.4,174.2,174.5,174.4,172.4,174.2,171.8,172.5,178.0,186.2,188.1,189.4,178.2,143.3,125.1,122.2,117.9,127.6,126.2,115.1,101.7,86.3,88.9,90.9,94.1,98.2,99.4,96.2,101.3,98.4,95.2,80.8,78.3,85.0,81.8,70.4,70.7,71.5,69.1,72.6,72.2,70.7,64.5,69.6,65.8,61.6,61.7
Slovakia,31.1,32.1,32.2,35.1,37.0,39.7,42.5,44.3,45.7,46.8,49.0,50.5,52.8,55.5,56.5,56.8,55.9,55.0,54.8,58.8,58.5,55.7,56.8,57.4,53.4,54.8,48.5,46.0,43.2,40.1,40.8,40.9,39.5,39.1,38.3,36.3,39.1,38.6,39.1,38.3,39.2,38.1,35.8,36.8,33.7,36.2,34.0,32.5,32.6,30.0,30.4,30.8,32.9,32.3,30.0,27.8,31.3,28.4,27.6,26.6
Slovenia,-,-,-,-,-,-,-,-,-,-,-,-,-,-,-,-,-,-,-,-,-,-,-,-,-,13.3,12.4,12.2,13.0,13.1,13.9,14.6,15.2,14.7,14.2,14.0,14.7,15.0,14.8,15.0,15.3,15.6,15.7,16.8,15.0,15.2,15.2,14.7,14.1,12.6,12.7,13.6,13.9,13.9,13.3,11.9,12.1,11.6,10.9,11.5
Spain,80.4,84.7,95.5,99.1,108.6,121.1,126.8,135.5,155.4,162.0,168.4,185.2,179.2,174.1,186.6,208.2,211.9,208.6,211.4,201.9,194.4,196.9,203.4,196.5,217.2,214.6,220.4,241.0,226.0,234.1,247.9,244.2,264.9,274.5,299.5,311.0,313.2,334.2,340.9,359.8,374.4,366.2,377.0,350.6,312.3,296.0,305.0,302.5,273.5,271.1,286.9,279.4,297.1,291.4,274.6,221.4,242.8,260.6,242.3,250.1
Sweden,68.8,76.1,75.2,83.8,88.8,96.9,89.8,91.4,93.1,86.0,85.4,92.9,89.2,104.7,114.4,100.3,89.6,83.4,73.6,71.4,79.2,84.5,73.7,69.1,66.4,56.6,57.5,60.7,61.3,64.2,63.8,69.2,63.8,65.7,64.4,60.2,60.0,59.6,60.9,60.6,56.9,57.9,55.9,55.1,51.0,55.3,50.4,47.4,45.6,44.5,44.7,44.8,44.9,40.9,41.2,38.9,41.4,38.4,37.0,39.0
Switzerland,29.2,29.7,31.3,34.3,36.9,40.4,42.1,42.9,46.2,41.3,39.9,41.6,42.1,42.6,41.0,41.6,39.4,37.2,40.8,40.1,41.3,44.3,41.9,41.7,40.4,43.3,44.2,44.6,42.2,43.4,40.9,42.5,44.2,44.7,44.2,43.1,46.2,43.9,43.2,44.3,44.7,44.3,42.6,44.4,43.1,44.6,40.8,42.3,43.4,38.9,39.6,38.1,38.9,37.1,38.2,32.8,31.7,34.2,34.0,34.1
Turkey,25.1,29.0,29.1,32.3,35.2,39.3,43.9,48.9,54.2,56.5,60.7,66.8,73.1,77.1,71.7,74.7,74.2,81.4,87.1,91.4,100.4,109.0,118.5,115.9,129.1,136.2,139.6,143.7,148.3,147.0,161.1,175.2,185.0,186.9,187.6,205.7,186.1,196.9,208.9,216.4,224.8,248.0,272.8,276.3,275.3,276.3,298.8,314.4,303.3,335.1,341.1,359.2,404.2,401.8,394.0,384.6,420.7,420.1,414.8,437.9
Ukraine,-,-,-,-,-,-,-,-,-,-,-,-,-,-,-,-,-,-,-,-,694.4,701.8,709.9,686.2,652.9,761.9,708.1,603.6,519.9,431.7,423.1,366.5,352.7,341.0,335.0,335.9,329.3,329.3,336.6,317.5,315.5,324.4,327.5,317.2,272.4,288.7,303.2,299.1,286.5,246.8,195.1,215.6,187.9,198.7,185.5,171.5,167.7,101.4,97.1,99.6
United Kingdom,688.1,680.9,670.1,689.7,707.6,724.5,697.4,690.5,728.7,675.2,636.0,645.7,654.0,637.8,665.2,606.5,584.8,567.2,562.5,538.6,572.6,590.8,594.3,594.3,584.3,595.2,605.5,588.6,574.6,561.4,558.8,579.4,559.9,560.2,551.1,566.6,577.3,557.8,567.9,575.7,580.2,583.1,572.4,562.5,514.5,529.6,491.7,510.9,502.1,460.6,440.4,414.7,404.2,396.9,380.6,324.0,339.5,339.1,326.2,321.2
Other Europe,50.3,51.8,50.5,54.9,56.1,62.2,73.3,74.0,78.4,83.9,86.4,91.5,95.8,104.4,113.3,107.8,114.5,118.5,127.6,134.6,169.8,175.8,171.7,177.7,172.6,131.9,109.9,96.8,84.1,65.9,69.4,72.9,82.9,85.8,74.8,84.6,89.4,95.0,101.8,107.7,104.5,108.9,109.8,111.3,111.6,111.5,119.7,111.6,113.3,102.3,111.7,116.5,120.4,119.4,119.9,117.9,118.2,122.3,118.9,117.6
Total Europe,3440.5,3486.9,3555.6,3768.6,4019.0,4236.2,4300.7,4444.1,4673.4,4549.7,4449.4,4725.2,4732.9,4765.0,4918.2,4808.1,4603.4,4503.9,4468.7,4492.3,5401.0,5456.1,5515.6,5464.3,5450.4,5540.8,5389.8,5142.6,4978.3,4814.3,4890.8,4978.4,4909.6,4903.0,4823.2,4823.2,4864.9,4868.4,4994.5,5006.2,4999.4,5067.4,5030.3,4941.0,4565.4,4681.3,4600.1,4544.0,4443.1,4215.4,4215.3,4257.0,4327.4,4271.4,4097.7,3646.4,3885.4,3806.8,3550.6,3525.9
,,,,,,,,,,,,,,,,,,,,,,,,,,,,,,,,,,,,,,,,,,,,,,,,,,,,,,,,,,,,
Azerbaijan,-,-,-,-,-,-,-,-,-,-,-,-,-,-,-,-,-,-,-,-,50.4,54.2,52.2,52.2,52.9,54.4,52.0,44.1,41.5,37.9,35.9,29.3,27.9,27.9,27.3,28.6,26.3,25.9,28.0,30.8,33.5,33.3,30.7,29.7,25.3,24.2,28.7,29.7,30.4,31.2,33.7,33.2,32.2,34.3,34.3,34.9,36.9,39.2,40.7,38.9
Belarus,-,-,-,-,-,-,-,-,-,-,-,-,-,-,-,-,-,-,-,-,89.6,102.3,102.7,103.4,99.3,92.6,93.2,88.3,75.3,62.7,55.2,56.7,57.2,55.5,53.5,52.6,50.2,50.5,49.5,56.1,57.2,59.5,58.3,61.1,59.1,62.3,59.1,60.7,60.0,59.1,54.8,54.9,55.6,60.5,60.8,55.8,58.0,56.4,53.3,53.6
Kazakhstan,-,-,-,-,-,-,-,-,-,-,-,-,-,-,-,-,-,-,-,-,231.2,236.4,241.0,248.6,242.1,240.6,238.3,236.3,208.5,192.8,168.9,147.0,129.9,123.0,114.2,101.5,117.7,119.7,131.8,141.0,143.7,155.0,169.8,184.9,165.9,177.9,201.3,211.2,210.8,218.0,174.0,195.5,211.3,218.6,217.0,199.3,220.3,219.6,229.5,229.6
Russian Federation,-,-,-,-,-,-,-,-,-,-,-,-,-,-,-,-,-,-,-,-,2172.4,2210.8,2268.3,2291.8,2290.1,2233.9,2167.9,2072.6,1895.2,1726.3,1616.4,1562.9,1463.7,1445.3,1445.8,1452.8,1466.1,1465.7,1494.7,1490.0,1465.7,1536.6,1528.3,1555.4,1446.5,1492.3,1558.8,1580.6,1548.8,1551.5,1520.8,1529.3,1516.9,1573.3,1557.1,1459.8,1510.8,1597.3,1631.8,1681.1
Turkmenistan,-,-,-,-,-,-,-,-,-,-,-,-,-,-,-,-,-,-,-,-,33.2,39.2,39.0,39.2,40.3,37.3,33.3,31.2,28.2,29.8,22.7,34.2,27.2,30.5,26.5,29.7,33.3,29.4,36.7,41.9,38.7,39.8,36.5,35.7,49.0,53.6,57.3,68.8,58.1,62.0,68.7,75.9,69.5,78.2,74.5,95.1,94.4,100.3,93.1,79.6
USSR,1907.3,2014.7,2107.0,2158.0,2243.9,2320.9,2415.1,2529.8,2639.7,2742.4,2872.3,2959.4,3059.4,3158.5,3217.8,3237.4,3275.4,3340.2,3381.3,3445.2,-,-,-,-,-,-,-,-,-,-,-,-,-,-,-,-,-,-,-,-,-,-,-,-,-,-,-,-,-,-,-,-,-,-,-,-,-,-,-,-
Uzbekistan,-,-,-,-,-,-,-,-,-,-,-,-,-,-,-,-,-,-,-,-,95.6,94.7,96.8,97.6,102.2,106.1,104.2,98.8,102.7,96.6,103.4,106.3,105.6,105.6,118.1,120.8,120.8,123.8,110.7,112.0,112.8,106.1,111.7,106.0,104.9,103.4,109.8,108.5,109.8,114.0,108.2,103.6,106.1,109.0,108.4,109.4,116.4,120.3,123.1,139.8
Other CIS,-,-,-,-,-,-,-,-,-,-,-,-,-,-,-,-,-,-,-,-,79.3,78.2,80.0,82.6,82.2,83.8,67.0,52.0,35.7,24.9,20.7,21.6,21.1,21.2,17.5,16.1,16.0,16.2,16.4,18.3,19.5,20.3,23.0,24.4,23.6,23.1,24.5,26.2,25.2,27.5,28.8,29.3,29.7,33.1,31.1,31.5,33.5,33.2,32.2,33.1
Total CIS,1907.3,2014.7,2107.0,2158.0,2243.9,2320.9,2415.1,2529.8,2639.7,2742.4,2872.3,2959.4,3059.4,3158.5,3217.8,3237.4,3275.4,3340.2,3381.3,3445.2,2751.7,2815.8,2880.0,2915.4,2909.0,2848.6,2755.9,2623.2,2387.1,2171.0,2023.2,1958.0,1832.6,1809.0,1803.0,1802.0,1830.3,1831.3,1867.8,1890.3,1871.2,1950.6,1958.3,1997.2,1874.4,1936.7,2039.4,2085.8,2043.1,2063.3,1989.1,2021.7,2021.3,2107.0,2083.3,1985.8,2070.4,2166.4,2203.8,2255.7
,,,,,,,,,,,,,,,,,,,,,,,,,,,,,,,,,,,,,,,,,,,,,,,,,,,,,,,,,,,,
Iran,21.2,23.4,26.1,29.0,32.1,37.7,40.9,46.1,56.5,63.3,74.4,85.0,96.1,93.3,102.0,95.1,97.1,109.4,130.2,140.8,153.8,143.8,152.7,154.4,169.1,181.8,201.5,217.8,202.7,227.4,236.6,251.1,259.8,267.9,289.5,304.9,323.9,350.9,355.0,387.1,409.1,443.5,469.5,488.6,493.6,504.4,516.2,521.8,542.8,552.3,546.9,567.2,575.8,602.3,629.2,654.8,671.9,692.9,709.4,709.0
Iraq,5.8,6.4,6.5,6.9,7.9,9.9,10.8,12.8,12.5,12.1,12.9,16.1,17.3,16.3,19.9,24.2,22.9,23.9,27.9,30.9,35.4,40.7,45.7,52.4,59.8,54.8,36.4,56.7,76.5,86.9,85.9,86.4,103.9,76.7,55.2,80.1,89.8,84.8,74.9,80.4,75.7,73.0,71.9,83.6,82.0,95.7,98.0,107.4,118.4,118.3,117.3,124.2,148.6,153.1,158.7,140.5,148.6,163.9,174.4,179.2
Israel,10.6,11.0,13.3,13.5,15.3,16.3,18.5,17.3,18.8,18.9,19.1,19.6,20.6,22.4,22.8,23.2,23.8,26.0,26.4,28.1,26.5,27.7,29.5,31.7,33.5,34.7,35.4,41.4,44.5,46.8,52.2,55.2,59.3,61.7,63.7,60.2,61.2,62.8,64.6,64.6,64.8,65.5,67.4,68.3,65.9,67.8,68.5,74.2,66.8,64.0,66.7,66.0,66.5,67.1,69.1,62.9,63.4,67.0,59.5,56.2
Kuwait,16.6,17.4,17.7,18.5,19.0,15.4,15.4,17.0,16.9,16.2,14.4,17.2,17.5,19.2,23.4,19.3,25.4,25.5,28.5,30.0,28.7,32.6,30.3,33.6,35.8,21.6,11.7,19.8,22.8,26.9,33.8,33.4,34.5,41.7,43.8,48.3,48.8,52.7,63.9,71.9,79.2,75.4,73.1,78.9,78.7,86.1,83.5,83.2,90.5,87.4,94.6,93.7,94.2,97.0,88.2,82.1,94.9,93.4,99.5,105.6
Oman,^,^,0.1,0.2,0.2,0.2,4.3,4.9,4.3,3.9,3.5,4.0,3.8,4.2,4.8,3.9,4.1,4.5,5.2,6.3,7.4,8.1,8.4,8.6,9.0,10.7,14.6,14.3,13.7,12.6,14.7,15.0,15.1,15.4,17.7,24.4,27.2,29.2,30.1,31.0,31.9,34.8,35.1,41.5,40.9,48.1,51.6,57.0,65.2,64.7,69.1,69.6,71.8,74.9,74.7,70.4,77.6,83.6,85.1,87.7
Qatar,0.3,0.3,0.4,1.3,2.1,2.4,2.3,2.6,3.7,3.2,4.8,3.0,4.2,4.1,9.4,9.3,8.8,9.5,10.0,11.4,10.8,11.6,11.3,12.1,12.7,12.9,15.2,24.0,25.7,26.3,26.4,19.7,21.3,23.1,26.1,22.7,21.8,27.9,27.5,33.7,38.0,42.1,50.4,53.2,53.7,62.8,75.0,90.5,100.5,109.4,124.3,125.0,116.8,121.9,125.5,109.0,117.2,118.7,131.7,135.6
Saudi Arabia,62.5,63.3,64.1,65.0,65.9,67.0,67.1,71.9,76.5,80.9,62.7,72.4,85.6,94.9,115.8,97.9,110.4,122.5,133.9,156.9,161.5,158.8,168.3,173.2,168.8,202.3,212.1,208.6,213.0,249.5,242.1,246.5,250.9,265.0,269.8,277.6,286.7,294.7,311.6,338.0,340.1,359.1,376.1,408.8,422.8,462.5,486.9,517.7,526.7,566.0,602.3,635.6,631.6,612.7,576.1,557.6,572.4,608.5,623.7,636.4
United Arab Emirates,0.2,0.2,1.1,1.5,1.5,2.0,3.0,3.3,4.3,4.8,5.3,6.8,11.1,12.8,15.2,25.9,29.8,32.3,31.1,38.3,47.7,57.9,64.4,72.1,80.3,81.7,100.2,97.5,101.4,110.6,114.6,117.0,121.7,124.1,124.5,123.6,124.2,132.4,142.1,152.5,159.2,168.1,184.8,210.6,204.4,213.8,220.8,231.9,247.0,244.1,265.0,275.3,264.3,246.1,261.7,250.2,261.0,281.0,287.1,302.5
Other Middle East,14.7,15.2,15.5,16.3,17.0,18.8,20.0,20.2,23.5,25.9,27.3,30.6,33.3,35.8,40.3,41.7,43.8,51.4,55.2,59.7,60.9,61.4,64.8,67.5,67.9,72.6,78.1,80.8,82.8,86.9,91.1,94.3,98.5,106.5,108.8,109.4,113.1,115.9,121.0,125.5,141.4,145.2,149.1,157.3,158.7,156.0,150.3,139.6,134.6,139.6,127.4,121.6,126.5,128.6,128.0,120.6,118.6,116.7,118.7,118.4
Total Middle East,132.0,137.2,144.9,152.3,161.1,169.8,182.3,196.0,217.0,229.1,224.4,254.7,289.5,303.1,353.8,340.6,366.0,405.2,448.4,502.4,532.9,542.6,575.4,605.5,636.7,673.1,705.2,760.9,783.2,873.9,897.4,918.5,964.7,982.1,999.2,1051.3,1096.8,1151.5,1190.6,1284.8,1339.4,1406.8,1477.4,1590.8,1600.6,1697.2,1750.8,1823.4,1892.6,1945.9,2013.4,2078.0,2096.1,2103.7,2111.3,2048.0,2125.5,2225.7,2289.1,2330.7
,,,,,,,,,,,,,,,,,,,,,,,,,,,,,,,,,,,,,,,,,,,,,,,,,,,,,,,,,,,,
Algeria,5.6,6.9,6.4,6.8,7.6,8.3,8.9,10.0,11.6,13.0,15.5,17.9,19.3,24.5,32.1,38.5,46.3,54.3,59.0,57.0,57.6,61.0,62.7,66.9,65.1,65.4,65.3,66.6,62.1,62.8,65.2,64.3,61.8,64.4,64.4,62.6,64.9,67.9,71.0,74.3,76.9,80.8,85.2,90.6,95.7,94.6,100.6,108.9,115.4,123.6,129.0,127.7,130.7,137.3,142.4,132.7,144.5,150.2,160.1,156.4
Egypt,22.9,24.1,20.2,21.1,15.9,20.3,20.6,23.1,21.6,24.6,27.6,32.9,35.0,36.1,40.3,45.1,52.9,59.3,64.4,70.1,72.5,74.3,79.6,80.5,84.5,86.5,87.0,85.6,84.1,88.0,93.6,99.4,103.6,108.3,113.6,118.7,121.1,128.8,130.5,140.1,144.2,150.8,159.6,169.5,175.9,182.3,192.0,200.3,200.5,200.2,206.3,217.1,221.0,219.0,210.6,189.6,208.6,221.4,217.9,226.2
Morocco,3.6,5.3,5.7,6.1,6.5,6.9,7.3,7.9,9.3,9.8,10.3,11.3,12.4,13.2,14.8,14.9,14.8,15.7,16.3,16.6,17.2,17.8,18.2,19.2,21.0,21.3,21.5,24.2,25.2,27.3,27.1,27.6,28.4,29.9,31.5,31.6,34.4,35.4,34.7,40.1,43.9,44.6,43.9,48.7,45.3,49.2,53.0,54.1,54.4,56.6,56.8,57.2,60.2,61.8,67.9,62.8,69.8,70.3,69.0,69.1
South Africa,113.2,113.5,116.8,123.1,126.3,131.6,142.2,145.7,156.6,161.8,172.5,180.0,185.0,182.2,190.1,205.9,240.3,264.0,270.4,290.4,297.1,299.4,306.8,330.5,312.5,324.9,319.2,327.2,329.6,340.3,351.2,357.3,365.1,357.6,370.1,371.6,376.5,366.6,399.8,439.1,421.7,430.9,441.0,476.0,474.4,475.1,466.5,462.3,463.1,467.8,454.6,473.7,470.0,449.3,470.9,451.0,444.6,423.6,432.6,432.2
Eastern Africa,25.1,27.1,28.5,29.6,31.4,33.4,35.1,34.7,37.6,37.4,35.4,38.1,36.1,35.5,35.8,37.6,36.4,35.2,36.2,34.4,36.4,37.7,41.0,43.9,44.1,50.7,46.7,46.6,51.6,51.0,50.8,50.2,53.7,52.5,52.6,51.2,56.2,55.2,53.5,58.8,61.7,62.9,65.5,64.7,69.7,75.5,79.3,82.8,91.9,103.1,107.1,106.4,115.4,121.3,122.3,113.6,123.9,130.3,136.2,137.7
Middle Africa,7.0,7.2,7.3,7.6,7.8,7.9,9.2,9.5,10.6,11.0,10.0,10.0,10.7,12.5,12.5,13.1,13.9,12.9,14.5,13.0,14.6,14.1,14.4,15.4,15.3,14.3,13.1,13.1,13.3,13.0,13.0,13.1,13.5,12.6,13.5,14.5,14.9,16.0,17.7,21.7,20.6,23.3,25.9,28.8,30.7,34.2,36.0,40.4,45.5,47.9,48.4,46.5,44.8,45.6,47.1,41.6,48.4,52.0,52.5,53.2
Western Africa,14.8,15.3,14.7,14.5,15.6,16.6,20.9,22.2,24.5,25.4,27.5,30.7,34.1,37.1,38.9,43.2,48.5,51.3,49.6,45.6,47.3,44.8,47.1,50.2,52.1,50.7,52.6,58.1,58.8,58.3,59.7,64.5,65.2,68.5,68.1,71.9,77.8,84.7,82.3,92.6,89.9,85.0,89.9,96.7,88.4,95.7,111.1,121.3,128.4,136.9,157.2,155.9,163.3,172.4,180.2,184.0,212.7,212.9,207.5,216.9
Other Northern Africa,5.7,6.0,6.3,7.0,7.5,8.3,7.4,9.1,11.7,12.7,13.9,16.8,19.1,21.3,25.6,27.2,29.2,29.9,32.0,31.4,34.5,34.4,37.3,37.7,39.8,39.0,39.2,39.8,41.5,46.3,49.6,51.5,52.8,54.9,55.1,58.5,59.6,60.4,61.7,65.3,67.6,70.0,67.5,69.3,74.1,77.8,57.5,70.3,75.2,74.8,68.0,69.7,74.4,75.7,76.5,68.7,82.2,86.4,91.1,94.6
Other Southern Africa,0.3,0.4,0.4,0.5,0.5,0.6,0.6,0.6,0.7,0.9,1.0,1.3,1.5,1.7,1.9,1.9,2.0,2.0,1.8,1.9,2.1,2.4,2.4,2.7,3.0,6.2,6.2,6.9,7.0,7.4,7.6,7.3,7.9,8.6,8.8,8.9,9.1,9.0,9.0,9.1,9.6,9.4,9.7,10.2,10.6,8.9,10.2,11.7,11.7,12.9,13.3,13.4,14.0,14.8,14.1,12.1,13.8,13.5,13.4,13.7
Total Africa,198.1,205.8,206.3,216.2,219.1,233.9,252.2,262.9,284.3,296.5,313.6,338.9,353.1,364.1,392.0,427.4,484.3,524.5,544.2,560.3,579.3,585.8,609.5,647.1,637.3,659.0,650.9,668.1,673.2,694.5,717.8,735.2,752.1,757.2,777.8,789.6,814.4,824.0,860.2,941.1,936.2,957.7,988.2,1054.7,1064.8,1093.4,1106.2,1152.0,1186.1,1223.8,1240.5,1267.6,1293.9,1297.1,1331.9,1256.3,1348.5,1360.5,1380.1,1399.9
,,,,,,,,,,,,,,,,,,,,,,,,,,,,,,,,,,,,,,,,,,,,,,,,,,,,,,,,,,,,
Australia,118.8,125.1,132.4,139.7,144.3,155.3,161.2,168.2,178.6,189.0,191.9,198.4,208.4,215.1,223.1,224.3,227.8,226.8,223.5,231.8,237.7,242.3,249.9,261.8,275.0,279.7,279.7,283.5,288.7,298.6,307.7,318.1,327.9,337.4,353.0,355.1,356.8,363.4,369.8,382.9,382.9,398.4,406.7,417.4,408.8,402.0,407.4,398.7,395.6,399.2,407.6,406.2,404.5,402.8,407.0,376.6,369.3,376.9,373.3,376.6
Bangladesh,-,-,-,-,-,-,2.8,3.3,3.8,4.1,4.7,5.0,5.2,5.5,6.1,7.1,7.5,7.9,7.5,7.6,8.9,9.7,10.6,10.9,11.8,12.8,12.0,13.1,14.1,14.8,18.2,18.4,20.8,21.1,21.9,23.5,27.7,29.5,30.6,32.9,36.5,40.5,41.1,44.3,49.5,50.8,56.3,61.4,64.4,66.9,83.8,83.8,88.4,95.7,107.7,102.2,109.7,117.8,118.2,125.4
China,488.5,530.3,475.9,476.7,582.5,748.5,881.7,945.4,987.0,1006.8,1131.3,1183.1,1293.5,1418.5,1458.5,1460.9,1438.3,1502.0,1596.7,1722.0,1821.7,1903.6,2048.1,2196.8,2295.0,2308.8,2440.0,2562.8,2769.6,2921.4,3009.2,3156.7,3142.3,3139.8,3268.5,3308.4,3469.5,3791.2,4475.9,5291.8,6049.0,6630.0,7182.3,7324.5,7654.4,8094.6,8766.1,8952.2,9184.9,9202.3,9148.0,8998.7,9239.3,9570.6,9890.9,10082.7,10470.9,10504.5,11007.5,11172.8
China Hong Kong SAR,7.1,7.7,9.1,9.8,11.5,12.3,13.0,14.7,15.3,15.6,14.7,17.4,18.8,19.6,20.0,20.5,21.8,24.7,27.0,28.1,29.6,31.2,34.8,40.2,42.8,41.3,43.0,50.1,55.1,48.4,52.2,49.7,49.0,50.8,50.2,53.4,70.0,67.2,71.3,78.5,75.8,79.9,85.6,79.2,86.5,88.3,92.0,88.7,91.5,89.6,90.4,92.6,98.8,100.0,94.5,68.0,64.4,57.5,65.9,70.7
India,167.3,169.9,174.3,182.4,197.3,189.7,206.4,218.2,218.6,238.2,252.8,263.2,276.8,275.0,294.4,310.3,339.8,341.8,364.6,386.0,409.0,437.9,474.8,511.8,559.0,602.1,634.9,671.9,694.0,724.8,773.4,812.5,855.0,895.7,914.3,959.9,968.5,1012.0,1052.5,1115.6,1203.5,1255.4,1366.7,1466.1,1592.3,1644.5,1711.6,1831.4,1898.3,2048.6,2120.5,2216.6,2292.1,2390.7,2416.7,2247.7,2477.8,2600.4,2830.2,2953.0
Indonesia,20.1,19.5,18.7,19.6,21.3,22.6,23.5,25.4,29.7,31.4,36.9,39.7,48.1,53.7,62.0,68.8,75.2,77.3,78.8,85.1,86.5,90.8,98.8,104.1,113.8,132.4,143.2,157.0,169.1,176.6,193.4,205.6,230.5,228.5,247.0,264.2,286.9,295.0,333.2,323.6,333.6,352.8,383.9,379.4,389.1,423.1,454.6,478.0,442.0,451.8,470.6,461.7,494.3,518.1,557.5,514.0,525.4,696.0,696.5,746.9
Japan,445.3,503.0,576.5,628.5,728.7,823.7,841.9,894.8,995.5,971.8,961.1,982.6,979.7,975.0,975.3,943.1,934.9,891.1,908.0,939.7,939.2,924.8,957.9,1022.7,1040.4,1085.8,1114.3,1127.0,1122.5,1182.8,1193.3,1215.2,1216.1,1188.0,1220.2,1251.1,1242.0,1244.0,1288.2,1273.2,1308.8,1285.5,1300.0,1308.4,1138.2,1210.1,1223.1,1307.5,1296.2,1261.5,1223.3,1202.1,1196.6,1174.2,1135.5,1046.0,1080.3,1084.6,1027.0,1005.4
Malaysia,8.3,9.6,10.4,10.7,11.6,10.8,12.3,13.7,14.5,14.8,15.2,17.0,19.9,25.3,28.9,30.2,31.5,33.4,38.1,39.5,38.3,39.7,40.5,42.5,49.6,54.6,67.3,76.6,74.0,79.6,84.9,98.9,114.0,108.3,113.5,131.4,137.3,145.5,159.8,174.1,187.7,187.5,199.8,208.1,199.7,214.2,209.9,227.9,234.2,243.2,247.1,252.5,241.3,251.3,255.9,251.3,259.3,284.8,284.1,296.3
New Zealand,15.0,15.8,15.7,15.7,16.2,18.2,18.1,19.4,20.9,20.1,19.4,21.2,22.1,20.8,19.3,18.7,18.3,19.9,20.1,20.1,20.7,21.6,22.1,23.0,23.9,25.2,25.7,27.3,26.8,27.7,28.0,29.0,31.1,29.8,31.0,31.6,33.9,33.8,36.0,35.2,37.3,37.2,36.0,37.0,34.1,34.0,33.9,35.4,35.1,35.0,35.4,34.6,36.7,36.6,37.9,32.9,32.6,30.5,31.8,32.1
Pakistan,19.9,19.7,21.6,24.4,23.9,23.4,21.1,17.8,18.8,20.4,21.1,21.2,22.7,23.8,26.0,28.6,30.1,32.7,34.2,36.8,38.9,42.4,46.6,50.8,54.9,58.4,60.7,64.6,72.7,76.0,80.7,85.5,85.8,88.9,93.7,97.5,98.8,101.1,103.7,116.0,118.5,129.5,139.5,143.4,149.1,148.5,148.1,149.1,154.4,156.1,165.2,179.4,192.7,196.5,192.8,189.1,212.5,188.9,165.3,160.4
Philippines,15.3,16.9,18.3,21.6,23.3,23.8,25.9,27.2,29.8,28.0,30.4,31.3,34.5,35.6,36.8,35.5,33.8,33.5,34.5,29.7,28.0,28.2,32.6,35.8,39.6,40.4,40.8,45.0,49.6,50.9,59.9,64.3,71.7,70.8,68.7,69.0,69.1,68.4,70.1,71.6,72.5,67.0,70.9,73.3,74.1,79.6,80.3,82.9,92.1,97.0,106.1,116.1,128.5,133.0,139.9,126.6,134.3,141.2,152.9,163.6
Singapore,13.1,15.0,18.0,22.4,22.0,23.9,20.7,25.9,24.2,23.9,23.5,27.9,28.0,28.5,30.4,30.1,34.7,33.7,35.7,36.7,37.1,43.3,44.7,52.1,59.8,69.6,71.2,76.3,83.1,95.7,98.6,98.4,102.4,101.2,100.0,107.1,117.5,111.8,103.7,117.3,128.7,142.3,154.8,166.7,180.2,190.2,198.2,198.6,199.2,199.1,210.9,225.6,236.8,233.7,226.4,211.4,213.8,213.3,231.4,247.9
South Korea,24.9,29.6,32.8,36.3,42.5,49.0,52.6,54.6,67.7,68.8,75.3,84.1,96.2,104.0,119.2,123.4,128.7,129.1,135.3,148.0,158.9,170.0,179.2,204.1,215.5,239.8,270.4,294.1,324.4,351.5,380.7,422.2,443.7,382.0,416.1,442.3,455.8,473.9,483.0,495.8,500.1,505.2,518.5,532.7,537.4,593.2,622.5,620.2,624.2,618.1,623.4,640.2,650.3,675.6,648.7,600.4,623.2,616.4,601.4,594.8
Sri Lanka,2.5,2.6,2.7,2.7,2.8,4.6,4.7,4.9,5.2,4.2,4.3,4.2,4.5,4.6,4.9,4.9,5.1,5.6,5.8,5.5,4.9,5.0,5.6,5.2,4.8,5.4,5.4,6.1,6.1,6.7,7.1,8.7,8.9,9.3,10.0,11.5,11.2,12.0,11.9,11.7,13.6,13.9,14.7,13.6,14.0,14.0,16.4,18.2,15.9,19.9,20.4,24.1,25.9,25.4,26.6,24.4,23.4,20.4,21.4,23.2
Taiwan,18.8,20.0,21.8,23.9,25.2,27.6,33.9,35.3,41.5,38.6,41.8,52.2,57.1,65.3,67.7,73.6,64.8,67.8,72.7,74.7,73.7,85.5,90.6,106.8,116.8,120.1,128.4,138.3,149.7,158.5,169.0,176.8,191.9,204.0,214.8,232.4,230.2,239.7,249.0,259.1,264.2,273.3,275.2,262.0,248.5,268.1,273.1,266.9,268.8,275.6,275.8,281.0,287.1,284.7,278.9,265.6,280.8,272.8,265.0,263.0
Thailand,7.4,8.7,9.9,13.0,14.1,16.3,17.9,22.3,23.6,24.3,26.1,27.6,30.9,34.1,35.6,37.4,36.1,35.7,39.3,43.3,46.1,47.7,56.4,63.7,74.0,89.4,99.0,108.6,122.5,137.2,154.0,172.0,178.7,162.5,168.5,169.6,176.6,187.8,197.2,216.0,223.9,225.9,234.3,235.8,235.9,248.9,249.2,266.6,265.9,273.6,281.2,286.8,287.7,293.2,288.4,270.0,265.9,270.8,265.7,271.1
Vietnam,8.2,13.9,19.0,19.8,23.3,24.3,21.8,21.1,22.7,17.3,19.8,12.1,12.9,13.1,13.9,14.9,15.2,16.4,17.3,17.2,17.4,19.0,21.5,21.0,17.9,18.0,17.5,18.4,20.7,23.1,27.4,31.4,38.0,41.5,40.6,47.5,51.9,58.1,63.5,82.0,87.5,73.4,80.4,105.2,103.3,122.8,132.1,128.3,133.0,148.8,177.6,191.3,195.2,238.8,291.8,291.2,271.7,270.8,308.9,334.2
Other Asia Pacific,54.8,58.6,63.9,69.2,73.9,79.5,87.4,92.0,94.4,100.4,101.7,108.4,114.2,120.9,129.6,138.4,142.8,149.4,154.9,160.6,166.7,168.8,162.3,163.6,159.0,154.5,149.4,133.3,126.1,118.4,114.8,105.8,105.8,100.6,107.2,115.8,120.0,115.8,120.6,123.1,128.7,133.4,124.1,128.9,129.8,137.1,124.9,127.2,118.7,128.9,137.0,143.4,191.3,201.4,219.3,219.3,206.2,215.2,226.1,228.2
Total Asia Pacific,1435.6,1566.1,1621.0,1716.4,1964.4,2253.7,2446.9,2604.4,2792.0,2817.6,2971.9,3096.5,3273.5,3438.5,3551.5,3570.8,3586.3,3628.9,3794.1,4012.4,4163.2,4311.7,4577.0,4916.8,5153.5,5338.1,5603.0,5854.2,6168.8,6492.7,6752.3,7068.9,7213.7,7160.1,7439.3,7671.2,7923.9,8350.4,9220.1,10200.4,11152.8,11831.2,12614.6,12925.9,13224.9,13963.9,14799.6,15239.3,15514.4,15715.2,15824.4,15836.5,16287.4,16822.4,17216.7,16919.4,17621.6,17962.8,18672.5,19065.7
,,,,,,,,,,,,,,,,,,,,,,,,,,,,,,,,,,,,,,,,,,,,,,,,,,,,,,,,,,,,
Total World,11196.5,11712.2,12061.4,12694.5,13494.7,14313.8,14761.3,15473.4,16331.1,16227.6,16248.0,17100.2,17637.2,18023.4,18562.9,18375.5,18147.0,17996.5,18156.0,18798.3,19234.1,19556.0,20193.5,20856.3,21228.7,21418.2,21413.8,21489.0,21558.5,21773.3,22082.6,22687.7,22849.3,22890.5,23166.1,23708.7,24038.7,24580.2,25761.5,27132.3,28203.5,29061.2,30123.9,30409.9,29750.5,31067.5,31919.6,32282.6,32738.3,32845.4,32831.9,32879.8,33396.0,34084.2,34141.6,32368.5,34015.8,34596.6,35024.3,35491.8
of which: OECD,7714.7,8028.7,8286.1,8784.9,9320.1,9821.1,9946.2,10391.8,10975.5,10683.6,10385.4,10968.5,11159.4,11226.7,11496.3,11210.4,10850.9,10475.9,10392.6,10723.5,10937.0,10983.1,11261.8,11585.2,11782.4,11798.1,11783.8,11830.1,11912.3,12087.6,12252.3,12676.1,12778.4,12788.3,12880.0,13137.1,13096.6,13170.7,13415.8,13582.4,13697.7,13648.8,13802.5,13579.9,12645.7,13082.9,12899.4,12713.0,12804.2,12585.7,12478.6,12407.7,12465.1,12559.5,12178.8,10917.7,11535.9,11624.7,11141.7,11072.2
                 Non-OECD,3481.7,3683.4,3775.3,3909.5,4174.5,4492.8,4815.1,5081.5,5355.6,5544.0,5862.6,6131.7,6477.9,6796.6,7066.6,7165.1,7296.2,7520.6,7763.4,8074.8,8297.1,8572.9,8931.7,9271.1,9446.3,9620.1,9630.0,9658.8,9646.1,9685.8,9830.3,10011.6,10070.9,10102.2,10286.1,10571.7,10942.0,11409.5,12345.7,13550.0,14505.8,15412.4,16321.4,16830.0,17104.8,17984.6,19020.2,19569.5,19934.1,20259.7,20353.3,20472.1,20930.9,21524.8,21962.8,21450.8,22479.9,22971.9,23882.6,24419.6
                 European Union #,2629.2,2675.2,2753.9,2934.7,3158.8,3342.5,3416.9,3559.1,3737.0,3665.8,3598.9,3849.1,3837.6,3871.0,3993.5,3946.8,3761.4,3671.8,3622.9,3659.5,3793.3,3802.9,3848.9,3818.5,3840.8,3833.5,3745.4,3627.7,3570.2,3524.8,3596.6,3696.7,3639.6,3637.1,3584.0,3544.9,3594.4,3603.7,3693.1,3701.6,3686.0,3715.0,3661.1,3587.1,3308.1,3389.3,3303.7,3223.9,3153.1,2991.0,3046.4,3073.4,3133.3,3078.9,2942.3,2582.4,2772.6,2754.0,2525.8,2483.5
